{"cameraMode":{"drawMode":0,"name":"Shaded","section":"Shading Mode"},"sceneLighting":false,"audioPlay":false,"sceneViewState":{"m_AlwaysRefresh":false,"showFog":true,"showSkybox":false,"showFlares":true,"showImageEffects":true,"showParticleSystems":true,"showVisualEffectGraphs":true,"m_FxEnabled":true},"in2DMode":false,"pivot":{"x":-0.29226958751678469,"y":0.6621710062026978,"z":0.11429524421691895},"rotation":{"x":-0.03131452202796936,"y":-0.9373371601104736,"z":0.0877104178071022,"w":-0.3389511704444885},"size":1.4023910760879517,"orthographic":false}