{"cameraMode":{"drawMode":0,"name":"Shaded","section":"Shading Mode"},"sceneLighting":true,"audioPlay":false,"sceneViewState":{"m_AlwaysRefresh":false,"showFog":true,"showSkybox":true,"showFlares":true,"showImageEffects":true,"showParticleSystems":true,"showVisualEffectGraphs":true,"m_FxEnabled":true},"in2DMode":false,"pivot":{"x":-1.5311052799224854,"y":56.54682159423828,"z":-17.56420135498047},"rotation":{"x":-0.4274612069129944,"y":-0.0015880260616540909,"z":0.0018310194136574865,"w":-0.9052488803863525},"size":88.7193603515625,"orthographic":false}